gbifID,occurrenceRemarks,species2_input,interaction_type,id,species2_llm,interaction,species_match,interaction_match
923916653,Most abundant Vanessa out...,,no interaction,923916653,,No interaction,True,True
899979973,Took a bunch of nerds over for late hill-toppers before Blitz ended.,,no interaction,899979973,,No interaction,True,True
899968180,Great hill-topping...,,no interaction,899968180,,No interaction,True,True
899967838,"San Diego County, California, US",,no interaction,899967838,,No interaction,True,True
891766971,"San Diego County, California, US",,no interaction,891766971,,No interaction,True,True
891766692,"San Diego County, California, US",,no interaction,891766692,,No interaction,True,True
891766677,"San Diego County, California, US",,no interaction,891766677,,No interaction,True,True
891766613,"San Diego County, California, US",,no interaction,891766613,,No interaction,True,True
891766611,"San Diego County, California, US",,no interaction,891766611,,No interaction,True,True
891757458,On the way to lunch,,no interaction,891757458,,No interaction,True,True
891748848,Parada sobre hoja santa (Piper),hoja santa,co-occur,891748848,Piper,Co-occur,False,True
891743216,"Early instar larva in a loose web with frass, on top of leaf of cheese weed. Adult was also flying nearby.",cheese weed,herbivory,891743216,cheese weed,Herbivory,True,True
891740592,"The first picture's exposure makes it difficult to feel sure about the orange stripe on the wing tip, but the second picture clarifies that this is, indeed, a West Coast Lady.",,no interaction,891740592,,No interaction,True,True
891734266,"San Diego County, California, US",,no interaction,891734266,,No interaction,True,True
891722415,warming itself on sidewalk in downtown Mendocino near some sidewalk flowers,,no interaction,891722415,,No interaction,True,True
891715699,Adult feeding at Lavandula dentata,Lavandula dentata,pollination,891715699,Lavandula dentata,Pollination,True,True
891713693,Flying to the hilltop in the howling fog...,,no interaction,891713693,,No interaction,True,True
891166880,"San Diego County, California, US",,no interaction,891166880,,No interaction,True,True
891150979,orange butterfly,,no interaction,891150979,,No interaction,True,True
891149348,"West Coast Lady (Vanessa annabella), Mount Davidson Park, San Francisco - 15 September 2012.",,no interaction,891149348,,No interaction,True,True
891142480,Sequoia Audubon Society Earth Day Big Stand/Sit at Radio Road,,no interaction,891142480,,No interaction,True,True
891140299,"""Talking about these guys at the top of Strawberry Hill today. Gonna focus on those """" Common Butterflies of North America"""" project.""",,no interaction,891140299,,No interaction,True,True
891135396,Painted Lady American Lady or West Coast Lady? My untrained eyes cannot see the difference.,,no interaction,891135396,,No interaction,True,True
891108808,"West Coast Lady, Morro Bay 2006",,no interaction,891108808,,No interaction,True,True
891099554,"West Coast Lady on Bush Groundsel, Senecio douglasii, Figueroa Mountain.","Bush Groundsel, Senecio douglasii",co-occur,891099554,Senecio douglasii,Co-occur,False,True
891069072,I only saw one of these on our day hike and this was the closest I got.,,no interaction,891069072,,No interaction,True,True
891067173,few of these flying around,,no interaction,891067173,,No interaction,True,True
891064466,Turns out this 100-400mm is pretty good for butterflies.,,no interaction,891064466,,No interaction,True,True
891058511,"There was a solid ton of these out in Tilden today, chasing each other every which-a-way.",,no interaction,891058511,,No interaction,True,True
891056420,Hairy caterpillar found on Sidalcea malviflora. I think it's a Vanessa sp. but not very sure.,Sidalcea malviflora,herbivory,891056420,Sidalcea malviflora,Herbivory,True,True
891050936,A total of five butterfly species + one Hawkmoth seen this day in the Bot Garden.,,no interaction,891050936,,No interaction,True,True
891048362,"San Diego County, California, US I found two of these sleeping on the palm fronds.",,no interaction,891048362,,No interaction,True,True
5108446324,"Eggs, on 'Newleaze Coral' globemallow.",Newleaze Coral' globemallow,herbivory,5108446324,globemallow,Herbivory,False,True
5104277383,Possibly freshly eclosed. Found on the ground. Very early in the year for a caterpillar.,,no interaction,5104277383,,No interaction,True,True
5087899680,A West Coast Lady was previously observed laying eggs on the leaves of this lavatera.,lavatera,herbivory,5087899680,lavatera,Herbivory,True,True
5087261214,Hilltopping male.,,no interaction,5087261214,,No interaction,True,True
5087257941,Interacci√≥n planta insecto No.93,planta,co-occur,5087257941,,No interaction,False,False
5077067193,Garden Canyon,,no interaction,5077067193,,No interaction,True,True
5070068327,https://youtube.com/shorts/thyFeiKXllI?feature=share,,no interaction,5070068327,,No interaction,True,True
5063954726,Small,,no interaction,5063954726,,No interaction,True,True
5063888056,Interacci√≥n planta insecto No.10,planta,co-occur,5063888056,,No interaction,False,False
5063700560,"West coast lady, hill toping obove san mat",,no interaction,5063700560,,No interaction,True,True
5063294234,On Buddleia or Butterfly bush,"Buddleia, Butterfly bush",co-occur,5063294234,"Buddleia, Butterfly bush",Co-occur,True,True
5063037065,smallish butterfly,,no interaction,5063037065,,No interaction,True,True
5062914992,1,,no interaction,5062914992,,No interaction,True,True
5008145130,AZ holiday vaca,,no interaction,5008145130,,No interaction,True,True
5008042066,Two of these were flitting around each other and then sitting in the sun.,,no interaction,5008042066,,No interaction,True,True
5008010266,Would like to know specific name.,,no interaction,5008010266,,No interaction,True,True
5007466300,"Was inside house, taken outside carefully.",,no interaction,5007466300,,No interaction,True,True
5007424668,"Hill topping Brambles, anise, gray hs, duskys, red admiral, west coast, painted ladies",,no interaction,5007424668,"Brambles, anise",Co-occur,False,False
4993878426,"Poor pic, I know but hard to catch",,no interaction,4993878426,,No interaction,True,True
4993748545,Dipped my feet in the pool then saw this cutie,,no interaction,4993748545,,No interaction,True,True
4982376758,lady butterfly on trail in Coyote Hills Park on 2024 Nov 04,,no interaction,4982376758,,No interaction,True,True
4982345464,Nectaring on annuals outside the Gage Hotel.,annuals,pollination,4982345464,annuals,Pollination,True,True
4982277991,foraging on mexican marigold (tagetes lemmonii),mexican marigold (tagetes lemmonii),pollination,4982277991,mexican marigold (tagetes lemmonii),Pollination,True,True
4980726441,A VERY nice surprise in the yard today! I've been paying close attention to Vanessa species in October and November for years hoping for this species.,,no interaction,4980726441,,No interaction,True,True
4980348487,Se encontraba inmobil en el suelo,,no interaction,4980348487,,No interaction,True,True
4978602944,in our backyard,,no interaction,4978602944,,No interaction,True,True
4978564300,This looks like a different west coast lady than the one here about five days ago.,,no interaction,4978564300,,No interaction,True,True
4978285458,resting on Mugwort leaf - Artemisia douglasiana,Mugwort leaf - Artemisia douglasiana,co-occur,4978285458,"Mugwort, Artemisia douglasiana",Co-occur,False,True
4978174373,nectaring on Phacelia distans,Phacelia distans,pollination,4978174373,Phacelia distans,Pollination,True,True
4976492669,Llegaron por las Zinnia elegans que sembr√©,Zinnia elegans,co-occur,4976492669,Zinnia elegans,Pollination,True,False
4976339055,"Saw a pair of butterflies flying together around some coyote brush at the top of a ridge this afternoon. I thought they were both West Coast Ladies, but it seems only the first one is (the one shown here). The second butterfly is an American Lady and I'll enter that as a separate observation.",,no interaction,4976339055,coyote brush,Co-occur,False,False
4974171197,Only 1 present,,no interaction,4974171197,,No interaction,True,True
4954408575,Depositando sus huevos en Malva parviflora,Malva parviflora,herbivory,4954408575,Malva parviflora,Herbivory,True,True
4954316245,Cami wasn't ready to get picked up and I had already left Grant County Park so decided to check this Boggini Park out. All of my observations from this brief visit: https://www.inaturalist.org/observations?nelat=37.32460319954716&nelng=-121.77989120602113&swlat=37.31991061145532&swlng=-121.79111356853944&user_id=joemdo,,no interaction,4954316245,,No interaction,True,True
4954299832,"similar pattern, few white dots on upper part of wings, brighter wing underside",,no interaction,4954299832,,No interaction,True,True
4954294248,San Pedro Benito Ju√°rez,,no interaction,4954294248,,No interaction,True,True
4952790608,Se encontraba descansando en una flor,flor,pollination,4952790608,,Co-occur,False,False
4952574646,"‚ÄúThe dorsal side of the wings somewhat resembles that of the Painted Lady, with two distinguishing differences. The postmedian bar on the forewing of V. annabella is orange, rather than white as for V. cardui, and the tip of the forewing is more angled than that of the Painted Lady.‚Äù Source - https://vanessa.ent.iastate.edu/some-basic-information-four-vanessa-butterfly-species-north-america",,no interaction,4952574646,,No interaction,True,True
4950569439,Maroon Bells,,no interaction,4950569439,,No interaction,True,True
4950373582,I knew this was a butterfly but I definitely thought it looked a lot like a monarch butterfly because of its color even though it was pretty small.,,no interaction,4950373582,,No interaction,True,True
4950282394,Mad River Gardens Nursery,,no interaction,4950282394,,No interaction,True,True
4949845891,"fresh individual, warm day after several days of rainfall, clearly not typical painted lady. The recent rains and winds pushed rapidly from the southwest through this area so likely pushed this individual well beyond its normal range. Photos taken with S24 Samsung Galaxy phone.",,no interaction,4949845891,,No interaction,True,True
4949840482,right wing rather ragged,,no interaction,4949840482,,No interaction,True,True
4946599228,"orange, black, and white pattern",,no interaction,4946599228,,No interaction,True,True
4946457283,Ovipositing on mallow.,mallow,herbivory,4946457283,mallow,Herbivory,True,True
4946251937,inat's first suggestion. or is it Vanessa cardui?,,no interaction,4946251937,,No interaction,True,True
4945867586,Beautiful butterfly nectaring on chives blossoms. You can see the pollen on its proboscis.,chives,pollination,4945867586,chives,Pollination,True,True
4945707341,Saw on walk at pioneer,,no interaction,4945707341,,No interaction,True,True
4945579115,Mariposa monarca,,no interaction,4945579115,,No interaction,True,True
4937154219,Deervale Stone Canyon Park,,no interaction,4937154219,,No interaction,True,True
4937144720,Pine Creek Trailhead Area At least 6 or 7 of these,,no interaction,4937144720,,No interaction,True,True
4937122526,Nicholas Flat,,no interaction,4937122526,,No interaction,True,True
4937030291,"This West Coast Lady was photographed at Mt. Ashland, in Southern Oregon, on 29/1/2013.",,no interaction,4937030291,,No interaction,True,True
4936961296,Briar Summit,,no interaction,4936961296,,No interaction,True,True
4936945956,In the grass among the redwoods on the panhandle,,no interaction,4936945956,redwoods,Co-occur,False,False
4936803153,Corbin Canyon,,no interaction,4936803153,,No interaction,True,True
4936787276,On Encelia californica,Encelia californica,co-occur,4936787276,Encelia californica,Co-occur,True,True
4936764359,On Bahiopsis laciniata,Bahiopsis laciniata,co-occur,4936764359,Bahiopsis laciniata,Co-occur,True,True
4936610598,Point Vicente,,no interaction,4936610598,,No interaction,True,True
4936582376,Rocky Oaks,,no interaction,4936582376,,No interaction,True,True
4936531443,Sepulveda Basin,,no interaction,4936531443,,No interaction,True,True
4936509125,Solstice Canyon,,no interaction,4936509125,,No interaction,True,True
4936498311,"First spotted on coreopsis, flew to marigold and then Douglas fir mulch.","coreopsis, marigold",co-occur,4936498311,"coreopsis, marigold, Douglas fir",Co-occur,False,True
4936498277,Solstice Canyon,,no interaction,4936498277,,No interaction,True,True
4936495662,Sepulveda Basin,,no interaction,4936495662,,No interaction,True,True
4936488865,Tujunga Wash,,no interaction,4936488865,,No interaction,True,True
4936479484,Sepulveda Basin,,no interaction,4936479484,,No interaction,True,True
4936469812,Sepulveda Basin,,no interaction,4936469812,,No interaction,True,True
4936452725,LA River Whitsett,,no interaction,4936452725,,No interaction,True,True
4936378555,On Baccharis,Baccharis,co-occur,4936378555,Baccharis,Co-occur,True,True
4936340116,Deervale Stone Canyon Park,,no interaction,4936340116,,No interaction,True,True
4936311557,Griffith Park,,no interaction,4936311557,,No interaction,True,True
4936237929,On Baccharis,Baccharis,co-occur,4936237929,Baccharis,Co-occur,True,True
4936154035,"Small butterfly, wingspan not quite 2 inches across. It was was repeatedly landing in a dusty sand area.",,no interaction,4936154035,,No interaction,True,True
4936129688,Santa Ynez Canyon,,no interaction,4936129688,,No interaction,True,True
4936106424,On nonnative Glebionis coronaria,Glebionis coronaria,co-occur,4936106424,Glebionis coronaria,Co-occur,True,True
4936017422,On Baccharis,Baccharis,no interaction,4936017422,Baccharis,Co-occur,True,False
4935981844,Vasquez Rocks,,no interaction,4935981844,,No interaction,True,True
4935939191,Lake Balboa Sepulveda Basin,,no interaction,4935939191,,No interaction,True,True
4935938319,eggs were laid on a hollyhock. last photo is of the butterfly laying the eggs,hollyhock,herbivory,4935938319,hollyhock,Herbivory,True,True
4935853925,Tujunga Wash One of 8 seen,,no interaction,4935853925,,No interaction,True,True
4935842467,"¬©Ô∏èJohn Dittli. Permission to post granted. ~10, 810' elevation. Butterfly was resting on the smooth surface of a frozen lake. John said the butterfly crawled onto his gloved hand; he released it on to dry land.",,no interaction,4935842467,,No interaction,True,True
4935828556,Pine Creek Trailhead Area Second of 6 or 7 I saw,,no interaction,4935828556,,No interaction,True,True
4935733930,Monarch Dunes Butterfly Grove Saw at least 2,,no interaction,4935733930,,No interaction,True,True
4935644000,Has quite a chunk out of it hind wing!,,no interaction,4935644000,,No interaction,True,True
4926062942,Home Pollinator Garden.,,no interaction,4926062942,,No interaction,True,True
4921876871,Nectaring on butterfly bush.,butterfly bush,pollination,4921876871,butterfly bush,Pollination,True,True
4919677589,This butterfly was photographed in a large open acreage of grassland mixed with broadleaf plants.,,no interaction,4919677589,broadleaf plants,Co-occur,False,False
4908980570,In Berkeley Meadow (McLaughlin Eastshore State Park),,no interaction,4908980570,,No interaction,True,True
4908977503,"Arroyo Grande, CA.",,no interaction,4908977503,,No interaction,True,True
4908844226,"ID confirmed, look how beautiful she is!",,no interaction,4908844226,,No interaction,True,True
4908382321,One organism resting on bark mulch.,,no interaction,4908382321,,No interaction,True,True
4908339386,"Today, 4Jul2024, I saw about approximately something like Some Hairstreak Maybe some Coppers Some Admiral 2-4 Wood-Nymph 4-6 Duskywing 4-7 Lady (Vanessa genus) 6-8 Checkered-Skipper 6-8 Milbert‚Äôs Tortoiseshell 11 Swallowtail 10-30 Comma 20-40 Fritillaries 30-40 Blues 30-40 Whites 70-100 Checkerspot I did a hike from JR Simplot Lodge up Sunshine Trail, up to Shafer Butte, then back down ‚Äî out in Bogus Basin, in Boise National Forest.",,no interaction,4908339386,,No interaction,True,True
4908255078,lady butterfly in yard on Serra Ave on 2024 May 06,,no interaction,4908255078,,No interaction,True,True
4904339905,Butterfly,,no interaction,4904339905,,No interaction,True,True
4903860964,Nectaring on buddleia,buddleia,pollination,4903860964,buddleia,Pollination,True,True
4901815742,Nectaring on Armenian blackberry flowers. Interaction type: pollination West Coast Lady (native) Armenian Blackberry (non-native),Armenian blackberry,pollination,4901815742,Armenian blackberry,Pollination,True,True
4901705685,on pedestrian bridge,,no interaction,4901705685,,No interaction,True,True
4901597371,"In yard, sunning on rocks and nectaring on Verbesina lilacina.",Verbesina lilacina,pollination,4901597371,Verbesina lilacina,Pollination,True,True
4901335214,Nectaring on Armenian blackberry flowers. Interaction type: pollination West Coast Lady (native) Armenian Blackberry (non-native),Armenian blackberry,pollination,4901335214,Armenian blackberry,Pollination,True,True
4901196947,Either a painted lady with strange tastes or a very large west coast. We‚Äôll know when she pupates Update: west coast!,,no interaction,4901196947,,No interaction,True,True
4900882935,dozens of eggs on mallow,,no interaction,4900882935,mallow,Herbivory,False,False
4892163202,"various stages - mostly eggs and young larvae, occasionally mature larvae; on mallow",mallow,herbivory,4892163202,mallow,Herbivory,True,True
4892101420,On Cretan Tree-Mallow (Malva multiflora) - https://www.inaturalist.org/observations/108271750,Cretan Tree-Mallow (Malva multiflora),co-occur,4892101420,Cretan Tree-Mallow (Malva multiflora),Co-occur,True,True
4892090210,In a Mallow leaf.,Mallow,co-occur,4892090210,Mallow,Co-occur,True,True
4892015112,on mallow,mallow,co-occur,4892015112,mallow,Co-occur,True,True
4892005166,In Ragged Ridge Natural Area within Mt Spokane SP,,no interaction,4892005166,,No interaction,True,True
4891630045,Visitando flores de lantana,lantana,pollination,4891630045,lantana,Pollination,True,True
4875585104,Saw three of these in the mustard field part of Area 3 at El Dorado park.,,no interaction,4875585104,mustard,Co-occur,False,False
4875482052,"Egg, on Sphaeralcea 'Newleaze Coral'.",Sphaeralcea 'Newleaze Coral',herbivory,4875482052,Sphaeralcea 'Newleaze Coral',Herbivory,True,True
4872513803,On a mustard flower.,mustard,pollination,4872513803,mustard,Pollination,True,True
4872156982,"Fifth instar larva, on mallow.",mallow,herbivory,4872156982,mallow,Herbivory,True,True
4868101253,At the peak.,,no interaction,4868101253,,No interaction,True,True
4868012833,"Male. Matt Forister of the University of Nevada, Reno claims these are threatened, yet they are at home in everyone's backyard. Location is near intersection of Terradell and Rosemead in Pico Rivera.",,no interaction,4868012833,,No interaction,True,True
4867758178,COMUNIDAD SAN ANDR√âS TOTOLTEPEC 2024,,no interaction,4867758178,,No interaction,True,True
4867699176,This might be new for the yard too. Time to make an actual butterfly list!,,no interaction,4867699176,,No interaction,True,True
4867611542,Santa Cruz Island,,no interaction,4867611542,,No interaction,True,True
4863959514,Right.,,no interaction,4863959514,,No interaction,True,True
4863722958,Sipping from moist sand.,,no interaction,4863722958,,No interaction,True,True
4863581512,Oceanaire Drive. in a front yard in a residential area. Just 1 seen.,,no interaction,4863581512,,No interaction,True,True
4855523672,"Dozens of eggs, on mallow.",mallow,herbivory,4855523672,mallow,Herbivory,True,True
4855430945,"Fourth instar larva, on mallow.",mallow,herbivory,4855430945,mallow,Herbivory,True,True
4855309140,"Numerous young larvae, on mallow.",mallow,herbivory,4855309140,mallow,Herbivory,True,True
4855291797,IMG_7803,,no interaction,4855291797,,No interaction,True,True
4855217796,"First instar larva, on mallow.",mallow,herbivory,4855217796,mallow,Herbivory,True,True
4855215565,"Numerous eggs, on mallow.",mallow,herbivory,4855215565,mallow,Herbivory,True,True
4853216465,On Salvia apiana. Sunny. Calm. 74F,Salvia apiana,co-occur,4853216465,Salvia apiana,Co-occur,True,True
4853037949,Probably a male perching in afternoon sun patch on grass at river shore.,,no interaction,4853037949,grass,Co-occur,False,False
4852753031,"Valeria Rico Fauna En Col. Rep√∫blica Son buenas polinizadoras por esto ayudan a la reproducci√≥n de algunas platas algunas de ellas nativas. Son parte de cadenas tr√≥ficas siendo presas de aves, insectos y murci√©lagos.",,no interaction,4852753031,,Pollination,True,False
4852468891,Slightly shredded,,no interaction,4852468891,,No interaction,True,True
4846839074,was very territorial and would chase away any other butterflies,,no interaction,4846839074,,No interaction,True,True
4607295819,On grass and mallow. Sunny. Calm. 60F,"grass, mallow",co-occur,4607295819,"grass, mallow",Co-occur,True,True
4600181743,"Two different individuals shown. Males, but females here too. Matt Forister believes these are threatened, but they are thriving and abundant in the middle of urban San Pedro in south Los Angeles.",,no interaction,4600181743,,No interaction,True,True
4597557245,The last 2 photos were by S Breisch.,,no interaction,4597557245,,No interaction,True,True
4597422956,Moff,,no interaction,4597422956,,No interaction,True,True
4597257168,Prado wetlands,,no interaction,4597257168,,No interaction,True,True
4536007484,4/24/2004,,no interaction,4536007484,,No interaction,True,True
4535892963,Found by Lorna!,,no interaction,4535892963,,No interaction,True,True
4528349238,"""A number of """"Ladies"""" (<i>Vanessa</i> sp.) were hilltopping at a high point off the Pomello Trail in the Johnson's Pasture area of the Claremont Hills Wilderness Park. Other <i>V. annabella</i> were seen, but this was the only one I was able to photograph.""",,no interaction,4528349238,,No interaction,True,True
4528100030,Hilltopping male. At least three seen in total here. All very fresh,,no interaction,4528100030,,No interaction,True,True
4528082922,Hilltopping male. At least three seen in total here. All very fresh.,,no interaction,4528082922,,No interaction,True,True
4528064020,Hilltopping male. At least three seen in total here. All very fresh,,no interaction,4528064020,,No interaction,True,True
4525258867,Has been trying to get with a Red Admiral.,,no interaction,4525258867,,No interaction,True,True
4525147659,"4th instar larva on cheeseweed, *Malva parviflora*. Matt Forister of NV believes these are threatened, yet here they are thriving along a grungy street in the warehouse district of east Los Angeles. It is pupa on left. Spread adult is shown too.","cheeseweed, *Malva parviflora*",herbivory,4525147659,"cheeseweed, *Malva parviflora*",Herbivory,True,True
4519176557,Seen near the entrance of the Henderson Bird Viewing Preserve.,,no interaction,4519176557,,No interaction,True,True
4519035582,The unusual warmth this winter has brought out some surprises.,,no interaction,4519035582,,No interaction,True,True
4516415456,Sunning and chasing around with a Red Admiral.,,no interaction,4516415456,,No interaction,True,True
4516410704,Observed on pansy flowers; wingspan ~1-1/2‚Äù,pansy,pollination,4516410704,pansy,Pollination,True,True
4510353159,Sunning in a protected spot on the south side of Coyote Point Park.,,no interaction,4510353159,,No interaction,True,True
4510233460,Patrolling the north San Pedro Mountain trail.,,no interaction,4510233460,,No interaction,True,True
4510147535,Fighting over the sunny hilltop with a Red Admiral.,,no interaction,4510147535,,No interaction,True,True
4507845237,Numerous eggs on mallow.,mallow,herbivory,4507845237,mallow,Herbivory,True,True
4506416045,Very worn. Found by Juni.,,no interaction,4506416045,,No interaction,True,True
4506344877,On lantana.,lantana,co-occur,4506344877,lantana,Co-occur,True,True
4500782349,"Several larvae, mostly first/second instar, on mallow.",mallow,herbivory,4500782349,mallow,Herbivory,True,True
4500767271,WC Lady sunning in an open lot in the town of Tomales.,,no interaction,4500767271,,No interaction,True,True
4500628425,I‚Äôm not sure if it‚Äôs a monarch of painted lady or tiger milkweed. But very pretty. It stayed on that plant for a little.,plant,co-occur,4500628425,tiger milkweed,Co-occur,False,True
4500584500,I was walking around and I saw the painted lady on my flowers,flowers,pollination,4500584500,flowers,Co-occur,True,False
4500517273,"Many eggs, on mallow.",mallow,herbivory,4500517273,mallow,Herbivory,True,True
4458638080,"As you can see, this butterfly has had a run in with something, since it is missing parts of its wings",,no interaction,4458638080,,No interaction,True,True
4458435668,Sunning in Balboa Park,,no interaction,4458435668,,No interaction,True,True
4458399177,Spotted at the Getty Villa Museum,,no interaction,4458399177,,No interaction,True,True
4454082941,Butterfly observed basking in the sun. Photo taken at 11/28 at 1:36 pm,,no interaction,4454082941,,No interaction,True,True
4454000864,Sunning near trail and Hwy. 1.,,no interaction,4454000864,,No interaction,True,True
4453991762,I thought these were California Sisters at first!,,no interaction,4453991762,,No interaction,True,True
4453942640,On Tagetes.,Tagetes,co-occur,4453942640,Tagetes,Co-occur,True,True
4453936863,mariposa encontrada en un lugar no muy concurrente,,no interaction,4453936863,,No interaction,True,True
4453931403,At least 5 of these fluttering around each other in the sun. Smaller butterflies,,no interaction,4453931403,,No interaction,True,True
4442752576,Butterfly on California Brittlebush.,California Brittlebush,co-occur,4442752576,California Brittlebush,Co-occur,True,True
4442738007,No estoy seguro de la identificaci√≥n,,no interaction,4442738007,,No interaction,True,True
4442691037,On sea lavender,sea lavender,co-occur,4442691037,sea lavender,Co-occur,True,True
4442518261,Butterfly,,no interaction,4442518261,,No interaction,True,True
4442440976,one of a mix of 30-40 Vanessas at engaged in making more butterflies,,no interaction,4442440976,,No interaction,True,True
4440981819,Libando flores de *Plumbago auriculata*,Plumbago auriculata,pollination,4440981819,Plumbago auriculata,Pollination,True,True
4440925762,Visiting patch of mallow (Malva),mallow (Malva),co-occur,4440925762,mallow (Malva),Co-occur,True,True
4440774689,On dandelion the 11th of November.,dandelion,co-occur,4440774689,dandelion,Co-occur,True,True
4440755722,Still around following at least one frosty morning.,,no interaction,4440755722,,No interaction,True,True
4440599163,A group of West Coast Ladies were hilltopping at the highest point at Foothills Park above Windsor.,,no interaction,4440599163,,No interaction,True,True
4438780651,A 'new' West Coast Lady arrived in the garden today.,,no interaction,4438780651,,No interaction,True,True
4438763455,On Lantana,Lantana,co-occur,4438763455,Lantana,Co-occur,True,True
4438755501,Encontrada dentro de casa,,no interaction,4438755501,,No interaction,True,True
4438738273,On Red Valerian,Red Valerian,co-occur,4438738273,Red Valerian,Co-occur,True,True
4438738036,Photos show same individual.,,no interaction,4438738036,,No interaction,True,True
4438705616,Many of these gals still nectaring on Blue Boa agastache and budleia. Odd ‚Äúbedfellows‚Äù today. Times must to be out there!,"Blue Boa agastache, buddleia",pollination,4438705616,"Blue Boa agastache, budleia",Pollination,False,True
4436450307,"forewing extended, squared off. hindwing spots separated, blue-centered",,no interaction,4436450307,,No interaction,True,True
4436359236,On Pacific Aster. All three Ladies were present in numbers along the ridge top. Plenty of nectar available.,Pacific Aster,pollination,4436359236,Pacific Aster,Pollination,True,True
4436308122,Basking in the morning sun on a zinnia.,zinna,co-occur,4436308122,zinnia,Co-occur,False,True
4436282489,First instar larva and several eggs on the same mallow leaf.,mallow,herbivory,4436282489,mallow,Herbivory,True,True
4436269129,On verbena de la mina,verbena de la mina,co-occur,4436269129,verbena de la mina,Co-occur,True,True
4436163772,Several minutes of slowly following this shy butterfly around as it flew around to various perches on the ground paid off when it let me get very close up and get these photos with my phone.,,no interaction,4436163772,,No interaction,True,True
4431269896,"Ovipositing female on her host, Malva parviflora",Malva parviflora,herbivory,4431269896,Malva parviflora,Herbivory,True,True
4431210513,On bristly oxtongue,bristly oxtongue,co-occur,4431210513,bristly oxtongue,Co-occur,True,True
4431178251,"Several west coast ladies with substantial wing damage over the past week. Despite the many nectar choices in the garden now, the painted and west coast butterflies seem to prefer the buddleia.",buddleia,pollination,4431178251,buddleia,Pollination,True,True
4430811359,Most 'Ladies' stay about one week at the garden. This one has been here since last Friday. Starting to get used to me.,,no interaction,4430811359,,No interaction,True,True
4430750774,"UC Davis Arboretum, pollinator garden",,no interaction,4430750774,,No interaction,True,True
4430703628,"I had 2 butterflies, and have edited the photos to just show Vanessa annabella (I hope)‚Äîwill do a separate entry for the Vanessa cardui",,no interaction,4430703628,,No interaction,True,True
4430683906,Nectaring on purple star-thistle flowers. Interaction type: pollination West Coast Lady (native) Purple Star-thistle (non-native),purple star-thistle flowers,pollination,4430683906,purple star-thistle,Pollination,False,True
4430570446,Organism was found around what I think is a (cultivated) jade plant (_Crassula ovata_).,jade plant (_Crassula ovata_),co-occur,4430570446,Crassula ovata,Co-occur,False,True
4430568527,Sunning along the North Ridge trail at Purissima Creek Redwoods OS. 65 degrees and mostly sunny.,,no interaction,4430568527,,No interaction,True,True
4430548148,Loads of ladies in the demonstration garden today!,,no interaction,4430548148,,No interaction,True,True
4424658320,On Stinging Nettle.,Stinging Nettle,co-occur,4424658320,Stinging Nettle,Co-occur,True,True
4424579293,"American lady butterflies on bush sunflowers, Encelia californica.",Encelia californica,pollination,4424579293,Encelia californica,Co-occur,True,False
4424553845,"Butterfly flight along bluffs @ 1220-1245 - heading north. Six species observed: Orange Sulphur 20-30, Checkered White 10-15, Cos. Painted Lady 5, West Coast PL 3, Buckeye 2, Acmon Blue 1. All feeding solely on non-native Sea Rocket; nearby flowering native Verbina not visited. Hot temps, light S winds.",Sea Rocket,pollination,4424553845,"Sea Rocket, Verbina",Pollination,False,True
4424541957,"Butterfly flight along bluffs @ 1220-1245 - heading north. Six species observed: Orange Sulphur 20-30, Checkered White 10-15, Cos. Painted Lady 5, West Coast PL 3, Buckeye 2, Acmon Blue 1. All feeding solely on non-native Sea Rocket; nearby flowering native Verbina not visited. Hot temps, light S winds.",Sea Rocket,pollination,4424541957,"Sea Rocket, Verbina",Pollination,False,True
4424089300,Batch location: Ventura Settling Ponds.,,no interaction,4424089300,,No interaction,True,True
4421151042,"Nectaring on Western Mountain Aster in mid meadow area of Leek Spring Ecological Area. Elevation about 7,270 feet. Within area of 2021 Caldor Fire impact.",Western Mountain Aster,pollination,4421151042,Western Mountain Aster,Pollination,True,True
4420906445,"Nectaring on Western Mountain Aster in mid meadow area of Leek Spring Ecological Area. Elevation about 7,250 feet. Within area of 2021 Caldor Fire impact.",Western Mountain Aster,pollination,4420906445,Western Mountain Aster,Pollination,True,True
4420765193,Found in domestic garden,,no interaction,4420765193,,No interaction,True,True
4420695000,Saw this gorgeous orange butterfly at garden of the sea behind Kroc.,,no interaction,4420695000,,No interaction,True,True
4417153579,Better picture coming,,no interaction,4417153579,,No interaction,True,True
4417055449,On Lantana,Lantana,co-occur,4417055449,Lantana,Co-occur,True,True
4417028494,"Nectaring on Western Mountain Aster in mid meadow area of Leek Spring Ecological Area. Elevation about 7,250 feet. Within area of 2021 Caldor Fire impact.",Western Mountain Aster,pollination,4417028494,Western Mountain Aster,Pollination,True,True
4417026312,"Street side, on lantana",lantana,co-occur,4417026312,lantana,Co-occur,True,True
4417018428,I observed all three Ladies on this trail. A Trifecta!,,no interaction,4417018428,,No interaction,True,True
4416956359,Vanessa on Achillea millefolium,Achillea millefolium,co-occur,4416956359,Achillea millefolium,Co-occur,True,True
4416820554,I noticed that this butterfly has those almost fang-looking bumps on its face if you zoom in. I couldn‚Äôt find any other butterfly species besides this one that has that unique feature.,,no interaction,4416820554,,No interaction,True,True
4414420038,This butterfly was on a lavender bush right outside my neighbors house. It was probably at most an inch in width from wing tip to tip.,Lavandula sp.,co-occur,4414420038,lavender bush,Co-occur,False,True
4414402933,Great morning for butterflies. The one that got away was a Pipevine Swallowtail Postscript: This species was abundant at this location,,no interaction,4414402933,,No interaction,True,True
4414380731,@merav,,no interaction,4414380731,,No interaction,True,True
4414158784,On Buttonbush flowers,Buttonbush,pollination,4414158784,Buttonbush,Co-occur,True,False
4414148016,"West Coast Lady on left, Painted Lady on the right.",,no interaction,4414148016,,No interaction,True,True
4414027550,"Lick Observatory - Mount Hamilton, Santa Clara County, California",,no interaction,4414027550,,No interaction,True,True
4413999989,Foraging on oregano flowers,oregano,pollination,4413999989,oregano,Pollination,True,True
4413886184,"This small West Coast Lady was almost half the size of the Painted Lady in the second photo. Overall, there was a wide range of size variation of the butterflies on the Buddleia.",Buddleia,co-occur,4413886184,Buddleia,Co-occur,True,True
4413862939,One of scores of butterflies at work in this Pennyroyal patch.,Mentha pulegium,pollination,4413862939,Pennyroyal,Pollination,False,True
4413800586,On butterfly bush.,butterfly bush,co-occur,4413800586,butterfly bush,Co-occur,True,True
4413718845,Butterfly,,no interaction,4413718845,,No interaction,True,True
4413640065,"Today, I counted about 14 Lady butterflies on the Buddleia. The ones who had the most visible wing damage yesterday were noticeably absent today possibly due to predation. A Junco was in the immediate area and paying close attention.",Buddleia,co-occur,4413640065,Buddleia,Co-occur,True,True
4413532286,"Nectaring on Western Mountain Asters along edge of moist meadow area in Leek Spring Ecological Area. Elevation about 7,350 feet. Within area of 2021 Caldor Fire impact.",Western Mountain Aster,pollination,4413532286,Western Mountain Asters,Pollination,False,True
4413376069,On Bristly Oxtongue,Bristly Oxtongue,co-occur,4413376069,Bristly Oxtongue,Co-occur,True,True
4413372138,I think? Looks kinda weird,,no interaction,4413372138,,No interaction,True,True
4407615524,Three different Ladies seen on this walk.,,no interaction,4407615524,,No interaction,True,True
4407607315,On a Zinnia flower.,Zinnia,pollination,4407607315,Zinnia,Pollination,True,True
4407502284,Here is a video of this individual: https://youtu.be/A1WYoH_b5aU?si=owZ1xnnkCoJCos1q,,no interaction,4407502284,,No interaction,True,True
4407311575,"""West Coast Lady (Vanessa annabella) medium-size, native Butterfly in the Brush-footed Butterflies (Nymphalidae) family. """"Wing Span: 1 1/2 - 2 1/4 inches (3/8 - 5.7 cm). Identification: Upperside is orange-brown with an orange bar at the leading edge of the forewing; hindwing with 3 or 4 blue submarginal spots. Underside with complex pattern; eyespots are obscured by other markings. Life History: Males perch to watch for receptive females. Females lay eggs singly on upperside of host plant leaves; caterpillars eat leaves and live in a silken nest. Adults hibernate. Flight: Many flights throughout the year in lowland California; two flights, summer and fall, in the Rocky Mountains; one flight in higher mountains. Caterpillar Hosts: Many plants in the mallow family (Malvaceae) including tree mallow (Lavatera), globe mallow (Sphaeralcea), bush mallow (Malvastrum), mallow (Malva), alkali mallow (Sida), checkerbloom (Sidalcea), and hollyhock (Althea). Adult Food: Flower nectar. Habitat: Open places including weedy areas, gardens, roadsides, fields, foothills, chaparral, disturbed areas. Range: Western North America from southern British Columbia south to Baja California Norte; south and east to Montana, Colorado, New Mexico, and Mexico. Strays to central Kansas, eastern North Dakota, and southern Ontario. Conservation: Not required. NCGR: G5 - Demonstrably secure globally"""" Butterflies and Moths of North America https://www.butterfliesandmoths.org/species/Vanessa-annabella and https://www.butterfliesandmoths.org/species_search Butterflies Through Binoculars: The West: a field guide to the butterflies of western North America, by Jeffrey Glassberg, 2001, pp. 188-189. Butterflies of Central and Northern California: a guide to common and notable species, Jim Brock, laminated pamphlet, 2023 Kaufman Field Guide to Butterflies of North America. Brock and Kaufman, 2003, p. 204-205. Bug photographs from the U.S/Canada for I.D: https://bugguide.net/index.php?q=search&keys=+Vanessa+annabella and https://bugguide.net Common Butterflies of California, Text and Photographs by Bob Stewart, 1997, pp. 75, 76, 241 (includes caterpillars) Butterflies & Their Favorite Flowering Plants: Anza-Borrego Desert State Park & Environs, Lynn and Gene Monroe, 2004 Glossary of butterfly terms: https://butterfly.ucdavis.edu/resources/glossary Wagner's Caterpillars of Western North America """"last we heard 1450 species accounts were in progress"""" thebals 6/6/23.""",,no interaction,4407311575,"tree mallow (Lavatera), globe mallow (Sphaeralcea), bush mallow (Malvastrum), mallow (Malva), alkali mallow (Sida), checkerbloom (Sidalcea), hollyhock (Althea)",Herbivory,False,False
4407291778,Enjoying the Home Depot garden center.,,no interaction,4407291778,,No interaction,True,True
4405374108,Sharing the Searocket on this foggy beach with cardui and virgininesis.,Searocket,pollination,4405374108,Searocket,Co-occur,True,False
4405325006,Mariposa,,no interaction,4405325006,,No interaction,True,True
4405308775,Wildflower field was filled with these,,no interaction,4405308775,,No interaction,True,True
4405128865,Seen on volunteer Malva assurgentiflora in garden,Malva assurgentiflora,co-occur,4405128865,Malva assurgentiflora,Co-occur,True,True
4405102580,Seen on cultivated Malacothamnus fremontii.,Malacothamnus fremontii,co-occur,4405102580,Malacothamnus fremontii,Co-occur,True,True
4405067968,Visiting Monardella sp.,Monardella sp.,pollination,4405067968,Monardella sp.,Pollination,True,True
4400451471,"Two first instar larvae, on mallow.",mallow,herbivory,4400451471,mallow,Herbivory,True,True
4400447440,"Several eggs, on mallow.",mallow,herbivory,4400447440,mallow,Herbivory,True,True
4400323283,"Seemed to be a flight day for this species, with multiples in this habitat. The City of Salinas owns these ponds, and entrance is by waiver & permit only",,no interaction,4400323283,,No interaction,True,True
4400314476,Was on stinging nettles but flew away before I could get the photo.,stinging nettles,co-occur,4400314476,stinging nettles,Co-occur,True,True
4399881912,"Extremely docile, climbed on finger for a bit. My guess is a female looking to oviposit somewhere.",,no interaction,4399881912,,No interaction,True,True
4399857464,"First instar larva, on mallow.",mallow,herbivory,4399857464,mallow,Herbivory,True,True
4177581422,Found in the Monarch garden at the Bishop Community garden.,,no interaction,4177581422,,No interaction,True,True
4177562922,Difficult journey here Postscript: First appearance at the patch,,no interaction,4177562922,,No interaction,True,True
4177512513,Finding a butterfly in San Francisco hasnt been this easy this season.,,no interaction,4177512513,,No interaction,True,True
4177361135,"""A note to anyone editing data quality or annotations: This specimen was alive when I collected it, and the data given reflect the time and place when the insect was observed alive. Please adhere to iNat‚Äôs guidelines and do not mark this observation as ‚Äúcaptive‚Äù or ‚Äúdead‚Äù, as this causes problems for researchers attempting to find species records. iNat's definition of a """"wild"""" observation explicitly includes """"your museum/herbarium specimens that are appropriately marked with date and location of original collection"""". The data given are the date and location of original capture, and as such, this observation should not be marked as captive. See #5 of the observation FAQ on the forum: https://www.inaturalist.org/pages/help#captive The """"dead"""" annotation should only be used if the organism was dead at the time of the observation. The question of insect specimen annotations has been had on the forums, and specimens which are dead in the photo but were alive at the time of capture should be annotated as """"alive"""", not """"dead"""". See here for discussion: https://forum.inaturalist.org/t/annotate-dead-or-alive/17537 Thanks!""",,no interaction,4177361135,,No interaction,True,True
4177289549,observed at edge of meadow,,no interaction,4177289549,,No interaction,True,True
4177265786,Zinnia flower,zinnia,pollination,4177265786,Zinnia,Co-occur,True,False
4177000191,Terrible photo,,no interaction,4177000191,,No interaction,True,True
4172118364,Butterfly on Spreading Dogbane. Lookout Road.,Spreading Dogbane,co-occur,4172118364,Spreading Dogbane,Co-occur,True,True
4172109016,Seen resting on pavement for a couple minutes in front of Cal Sailing Club,,no interaction,4172109016,,No interaction,True,True
4171905109,1,,no interaction,4171905109,,No interaction,True,True
4171860070,Mated pair,,no interaction,4171860070,,No interaction,True,True
4171780440,On marigold,marigold,co-occur,4171780440,marigold,Co-occur,True,True
4171776645,on Encelia californica,Encelia californica,co-occur,4171776645,Encelia californica,Co-occur,True,True
4171467809,On Narrow-leaved Milkweed.,Narrow-leaved Milkweed,co-occur,4171467809,Narrow-leaved Milkweed,Co-occur,True,True
4171186680,Observed on horsetaililkweef,horsetaililkweef,co-occur,4171186680,horsetaililkweef,Co-occur,True,True
4167500335,indentified by orange patch along the costal margin.,,no interaction,4167500335,,No interaction,True,True
4165879394,Seen landing on Fremontodendron & Malacothamnus sp.,"Fremontodendron, Malacothamnus sp.",co-occur,4165879394,"Fremontodendron, Malacothamnus sp.",Co-occur,True,True
4165827295,On some weeds next to a sidewalk; Midtown,weeds,co-occur,4165827295,,No interaction,False,False
4165788975,On Pennyroyal.,Pennyroyal,co-occur,4165788975,Pennyroyal,Co-occur,True,True
4165770398,It didn't let me get close.,,no interaction,4165770398,,No interaction,True,True
4165682886,On a currant shrub.,currant shrub,co-occur,4165682886,currant,Co-occur,False,True
4165517665,"Posting these photos (with permission) from someone who shared them in the 'Friends of Backyard Habitats - greater Portland, OR area' Facebook group today. They shared the approximate date/time and location with me to include.",,no interaction,4165517665,,No interaction,True,True
4165473235,"Elevation 5344 feet. on Asteraceae, maybe Eriophyllum lanatum",Eriophyllum lanatum,co-occur,4165473235,"Asteraceae, Eriophyllum lanatum",Co-occur,False,True
4163796307,Very ragged individual,,no interaction,4163796307,,No interaction,True,True
4162593421,Butterfly,,no interaction,4162593421,,No interaction,True,True
4162532004,Seen on the Grand Canyon North Rim Butterfly Count.,,no interaction,4162532004,,No interaction,True,True
4162298779,or vanessa spp..,,no interaction,4162298779,,No interaction,True,True
4153983727,On alfalfa,alfalfa,co-occur,4153983727,alfalfa,Co-occur,True,True
4153920796,The windy weather was not kind to this butterfly: I thought it was dead until further inspection showed that it had just been blown down!,,no interaction,4153920796,,No interaction,True,True
4153888984,Kiln Meadow,,no interaction,4153888984,,No interaction,True,True
4153588103,Need confirmation of species. In garden of urban area.,,no interaction,4153588103,,No interaction,True,True
4153562953,Kiln Meadow,,no interaction,4153562953,,No interaction,True,True
4153495501,Bruneau Dunes State Park,,no interaction,4153495501,,No interaction,True,True
4153475101,Nectaring on sweet scabious.,sweet scabious,pollination,4153475101,sweet scabious,Pollination,True,True
4145789756,Very busy ovipositing on stinging nettle.,stinging nettle,herbivory,4145789756,stinging nettle,Herbivory,True,True
4145724506,"4 small spots on underside of hindwings, reddish color.",,no interaction,4145724506,,No interaction,True,True
4145704687,Painted Lady or West Coast?? One of the two.,,no interaction,4145704687,,No interaction,True,True
4145667133,lady butterfly in Coyote Hills Park on 2023 June 26,,no interaction,4145667133,,No interaction,True,True
4145436768,On some ground cover along the road by orchard,,no interaction,4145436768,ground cover,Co-occur,False,False
4145435863,Seaside daisy,Seaside daisy,co-occur,4145435863,Seaside daisy,Co-occur,True,True
4145431692,Laying eggs on tree mallow,tree mallow,herbivory,4145431692,tree mallow,Herbivory,True,True
4138658448,"Its wing was torn. It couldn't fly well, but it could fly.",,no interaction,4138658448,,No interaction,True,True
4138657848,Hopefully someone knows the ID. Gorgeous!,,no interaction,4138657848,,No interaction,True,True
4138607423,lady butterfly in Coyote Hills Park on 2023 June 07,,no interaction,4138607423,,No interaction,True,True
4138558819,Found on Sphaeralcea cuttings collected from marked location,Sphaeralcea,co-occur,4138558819,Sphaeralcea,Co-occur,True,True
4138536629,Nectaring on shortpod mustard. Interaction type: pollination West Coast Lady (native) Shortpod Mustard (non-native),shortpod mustard,pollination,4138536629,shortpod mustard,Pollination,True,True
4138257283,Nectaring on shortpod mustard flowers. Interaction type: pollination West Coast Lady (native) Shortpod Mustard (non-native),shortpod mustard,pollination,4138257283,shortpod mustard,Pollination,True,True
4134004232,Feeding on a Pink.,Pink,co-occur,4134004232,Pink,Pollination,True,False
4133910337,"Adobe Creek Loop Trail, Palo Alto Flood Control Basin, Palo Alto CA",,no interaction,4133910337,,No interaction,True,True
4133650842,"Poor quality photo, but note the patterns of color on the forewing and the blue centers of the hindwing spots. Butterfly was released after this photo was taken.",,no interaction,4133650842,,No interaction,True,True
4130192400,Nectaring on Cretan Mallow. Interaction type: pollination West Coast Lady (native) Cretan Mallow (non-native),Cretan Mallow,pollination,4130192400,Cretan Mallow,Pollination,True,True
4130187787,Sorry for the bad pic,,no interaction,4130187787,,No interaction,True,True
4130021841,Nectaring on common sow-thistle: https://www.inaturalist.org/observations/229008988 Interaction type: pollination West Coast Lady (native) Common Sow-thistle (non-native),common sow-thistle,pollination,4130021841,common sow-thistle,Pollination,True,True
4127369680,On cowpen daisy,cowpen daisy,co-occur,4127369680,cowpen daisy,Co-occur,True,True
4127345147,"""The last time I thought I had a painted lady, it was actually a west coast lady. I tried to understand the distinction (maybe the """"eyes"""" toward the bottom of the wing??), but I couldn‚Äôt, so I‚Äôm just going to leave this as a general category. This butterfly appeared to have a bad wing, but I think it was flying--at least a bit.""",,no interaction,4127345147,,No interaction,True,True
4127276140,Near Gillette Ranch Park Inspiration Loop trail. Cloudy day in the 70‚Äôs F.,,no interaction,4127276140,,No interaction,True,True
4127150725,Visited flower of geum,geum,pollination,4127150725,geum,Pollination,True,True
4126944744,On *Salvia* at side of driveway,Salvia,co-occur,4126944744,Salvia,Co-occur,True,True
4121454597,In lavatera rather than more usual cheeseweed.,lavatera,co-occur,4121454597,"lavatera, cheeseweed",Co-occur,False,True
4116253188,On Mallow?,Mallow,co-occur,4116253188,Mallow,Co-occur,True,True
4116118038,On Mallow?,Mallow,co-occur,4116118038,Mallow,Co-occur,True,True
4111995801,2 seen. Around the top of a small prominence. The only butterflies seen today.,,no interaction,4111995801,,No interaction,True,True
4111928725,Seaside daisies in my yard attracted a butterfly,Seaside daisies,pollination,4111928725,Seaside daisies,Pollination,True,True
4111825132,"Shifting shadows changed color hue, which I left in since I found interesting.",,no interaction,4111825132,,No interaction,True,True
4103426561,2 seen.,,no interaction,4103426561,,No interaction,True,True
4103411626,Quite a few of these butterflies were using the brittlebush & other flowers along the Esplanade.,"brittlebush, other flowers",pollination,4103411626,brittlebush,Pollination,False,True
4103331649,Descansando en una hoja,,no interaction,4103331649,,No interaction,True,True
4103201206,Fresno,,no interaction,4103201206,,No interaction,True,True
4102873764,Hilltopper.,,no interaction,4102873764,,No interaction,True,True
4102725254,"? Sorry, bad pics. On Nepeta hybrid.",Nepeta hybrid,co-occur,4102725254,Nepeta hybrid,Co-occur,True,True
4096908741,new yard species!,,no interaction,4096908741,,No interaction,True,True
4096857193,Catch and release,,no interaction,4096857193,,No interaction,True,True
4096520717,"I found a butterfly while doing my walk at Apollo Park in Downey, CA. I found it on a grass area - specifically, at a tiny piece of land that wasn‚Äôt covered by grass. I chased this butterfly for a minute. It was 4:19 PM. It was both sunny and cloudy as well. It was somewhat windy.",,no interaction,4096520717,grass,Co-occur,False,False
4080511975,Stopping on Black Sage flowers.,Black Sage,pollination,4080511975,Black Sage,Pollination,True,True
4076076748,"Saw this butterfly at work along the edge of our parking lot. It was so gusty out that it couldn't fly far. But on the other hand, I didn't feel it was prudent to try and get a better photo. The dead limbs of some old poplar trees were falling off around me. Crazy spring.",,no interaction,4076076748,poplar trees,Co-occur,False,False
4075833934,Two photos of one butterfly.,,no interaction,4075833934,,No interaction,True,True
4067386435,On Mulefat plant.,Mulefat,co-occur,4067386435,Mulefat plant,Co-occur,False,True
4067307881,This is sad. Home Depot Garden Center.,,no interaction,4067307881,,No interaction,True,True
4067256144,Goldfield @ Salt River,,no interaction,4067256144,,No interaction,True,True
4067244659,Butterfly.,,no interaction,4067244659,,No interaction,True,True
4063094087,Observed on the stations of the cross walk near Prince of Peace Abbey,,no interaction,4063094087,,No interaction,True,True
4062549590,Sorry for the terrible photos -- they just would not stay still!,,no interaction,4062549590,,No interaction,True,True
4054814768,On a borage in the Stirrup Tank area of Joshua Tree National Park,,no interaction,4054814768,borage,Co-occur,False,False
4054761277,Sweetwater wetlands,,no interaction,4054761277,,No interaction,True,True
4054755132,"Sunny and 51F, so cool that I was surprised to see any butterfly. But this West Coast Lady was quite active.",,no interaction,4054755132,,No interaction,True,True
4046607752,Corpse found being thrown around by the wind,,no interaction,4046607752,,No interaction,True,True
4046456862,The overlook at the harbor seal sanctuary is a great place for spotting a wide variety of species.,,no interaction,4046456862,,No interaction,True,True
4034759860,"Several different kinds of butterflies were hill-topping at a high point in the Claremont Hills Wilderness Park. Most of them were Painted Ladies (<i>Vanessa carduii</i>), but one was this West Coast Lady.",,no interaction,4034759860,,No interaction,True,True
4022128471,Mariposa,,no interaction,4022128471,,No interaction,True,True
4018558161,Taken in my native garden,,no interaction,4018558161,,No interaction,True,True
4015095492,V. cardui?,,no interaction,4015095492,,No interaction,True,True
4009775737,On lantana.,lantana,no interaction,4009775737,lantana,Co-occur,True,False
4009713749,On lantana.,lantana,no interaction,4009713749,lantana,Co-occur,True,False
4006705266,On lantana.,lantana,no interaction,4006705266,lantana,Co-occur,True,False
4006625300,On lantana.,lantana,no interaction,4006625300,lantana,Co-occur,True,False
3985955623,"Old photo. Rush Creek OSP, Bahia Ridge Trail. Just 1 seen. West Coast Lady seen around the SF Bay Area in small numbers in Nov and Dec.",,no interaction,3985955623,,No interaction,True,True
3985942164,Se arrimo en unas flores ala orilla de una carretera,,no interaction,3985942164,flores,Co-occur,False,False
3985898240,will ID plant (captive) for pollinator interaction if identifiable,,no interaction,3985898240,,No interaction,True,True
3985893713,"Old photo. Albany Hill Park accessed from Taft St. 2 seen. West Coast Lady seen in small numbers in Dec. Surprisingly, not seen here in Nov by me.",,no interaction,3985893713,,No interaction,True,True
3985794617,Monarch look-alike.,,no interaction,3985794617,,No interaction,True,True
3985715027,"On gum plant, seemed to linger long time, maybe due to cold",gum plant,no interaction,3985715027,gum plant,Co-occur,True,False
3966798419,Sadly on its last legs üò¢,,no interaction,3966798419,,No interaction,True,True
3966661308,"Butterfly on an ornamental shrub, juniper or cyprus",ornamental shrub,co-occur,3966661308,"juniper, cyprus",Co-occur,False,True
3963632311,Most likely west coast lady? Not sure how to definitely identify.,,no interaction,3963632311,,No interaction,True,True
3963594330,all tore up,,no interaction,3963594330,,No interaction,True,True
3963409052,"NOT a Monarch. Have to look at it zoomed in... there are white spots with black outlines around the spots on the lower wing. Also top wing design is chaotic, not organized like a Monarch. (I tried but couldn't get an open wing pic) Landed on the ground, in the same area as where Monarchs have been seen (same day and Jan).",,no interaction,3963409052,,No interaction,True,True
3961033561,Feeding on Coast Goldenbush (Isocoma menziesii),Coast Goldenbush (Isocoma menziesii),pollination,3961033561,Coast Goldenbush (Isocoma menziesii),Pollination,True,True
3947549581,It was not cooperative,,no interaction,3947549581,,No interaction,True,True
3947523782,on shrubby rock rose,shrubby rock rose,co-occur,3947523782,shrubby rock rose,Co-occur,True,True
3947459737,feasting on madrone,madrone,co-occur,3947459737,madrone,Pollination,True,False
3903575846,Estaba sobre el suelo Despu√©s vol√≥,,no interaction,3903575846,,No interaction,True,True
3903251885,Anyone know what type of butterfly this is?,,no interaction,3903251885,,No interaction,True,True
3903135286,On Eriogonum nudum. Ancil Hoffman Park.,Eriogonum nudum,co-occur,3903135286,Eriogonum nudum,Co-occur,True,True
3903116814,On Alcatraz Island foraging,,no interaction,3903116814,,No interaction,True,True
3902711701,Vanessa annabella,,no interaction,3902711701,,No interaction,True,True
3902083381,At least a third smaller than the Painted Ladies in the area,,no interaction,3902083381,,No interaction,True,True
3892662860,"On the same little patch of seaside daisies in Buena Vista Park in SF where I always see them, when I see them. Which is often.",seaside daisies,co-occur,3892662860,seaside daisies,Co-occur,True,True
3892422216,Latched onto a spot of bare soil in endless lawn. Sucking salt?,,no interaction,3892422216,,No interaction,True,True
3892378693,"Taking advantage of an almost rare sunny day in SF Arboretum, Sitting in a tiny bare patch in a huge lawn",,no interaction,3892378693,,No interaction,True,True
3892269547,Numerous hilltopping males seen.,,no interaction,3892269547,,No interaction,True,True
